timestamp,user_id,item,predicted_category,status,prev_hash,hash
1765862128.809733,harsha,Image_7.jpg,cannot_be_classified,rejected,06f5c0260e588073e429cdc3849d278ee49bfb01355c5061bbf99a43730fc134,700d2575a5e5f50416fb4d3d44583200ffae7b6bb12c7001b2c7476a8a947219
1765862158.6057591,harsha,Image_7.jpg,cannot_be_classified,rejected,700d2575a5e5f50416fb4d3d44583200ffae7b6bb12c7001b2c7476a8a947219,b5417946a5570d2bead2c868974fbf5aecbdb1f95e9266617c9e7f9076fa791b
1765862161.0956514,harsha,Image_7.jpg,cannot_be_classified,rejected,b5417946a5570d2bead2c868974fbf5aecbdb1f95e9266617c9e7f9076fa791b,831ea40b5bb8cbc0f656f900782ac4979a5ef803fe5b0287c67c879fae6652ba
1765862162.2405863,harsha,Image_7.jpg,cannot_be_classified,rejected,831ea40b5bb8cbc0f656f900782ac4979a5ef803fe5b0287c67c879fae6652ba,326fdb5342ff3a20bc9f45d2463fc7d651e7c2d78ca3e3a6952b663ffd2ccf12
1765862222.0602765,harsha,Image_5.jpg,cannot_be_classified,rejected,326fdb5342ff3a20bc9f45d2463fc7d651e7c2d78ca3e3a6952b663ffd2ccf12,fa93e67842d4fe614b7ac99573b7aa3810c8906f1777b6a38a45a320d7bfe16d
1765862225.8616178,harsha,Image_5.jpg,cannot_be_classified,rejected,fa93e67842d4fe614b7ac99573b7aa3810c8906f1777b6a38a45a320d7bfe16d,28a8e80eeecfb02f13155783ca207df4158c5f5eca581a96e898a5abac24146b
1765862335.28352,harsha,Image_1.jpg,cannot_be_classified,rejected,28a8e80eeecfb02f13155783ca207df4158c5f5eca581a96e898a5abac24146b,0babdf686d4b9457b0dbcd9762d2d6c1af44e9076a4e8f73c1504b74dd236c6c
1765862336.5402558,harsha,Image_1.jpg,cannot_be_classified,rejected,0babdf686d4b9457b0dbcd9762d2d6c1af44e9076a4e8f73c1504b74dd236c6c,f50c566cb951226720c8873d025ed2def0d0ea0eed157ba52630db276d3bcfe4
1765863283.893174,harsha,Image_2.jpg,cannot_be_classified,rejected,f67d85f0f765630d9f9018edb3d8b79ce3c1405ee837b155b1b81ece11e0cf8e,4b95f3635ef36b25fc573516caa105cace19cee1c072b5e2beab5c7934966d68
1765863317.2702484,harsha,Image_9.jpg,cannot_be_classified,rejected,4b95f3635ef36b25fc573516caa105cace19cee1c072b5e2beab5c7934966d68,e95411b17a2b75fa493272080c2c00da07b495953bbf327f34f6eba7fc5661b5
1765863319.6476882,harsha,Image_9.jpg,cannot_be_classified,rejected,e95411b17a2b75fa493272080c2c00da07b495953bbf327f34f6eba7fc5661b5,a488758866bd65f4b02a7cca9098c84a2c48d24616a53fad2fcfd14f555ede6c
1765863335.98789,harsha,Image_1.jpg,recyclable,accepted,a488758866bd65f4b02a7cca9098c84a2c48d24616a53fad2fcfd14f555ede6c,207b068795fdd6eafb65fa6b8153cf193f85d9c0023ff6569f95b6c98b0d80c6
1765863481.5600684,harsha,Image_19.jpg,cannot_be_classified,rejected,207b068795fdd6eafb65fa6b8153cf193f85d9c0023ff6569f95b6c98b0d80c6,27af5409e52c1d853175c3f3b2799054f757dddb65b468129fec1b9c8d38df8c
1765863519.1287794,harsha,Image_5.jpg,recyclable,accepted,27af5409e52c1d853175c3f3b2799054f757dddb65b468129fec1b9c8d38df8c,bf83eedbde0a75d76cf9997a34cc5c6f2ec10b35210cf18a16d9b4ef9f691a99
1765863540.6572032,harsha,Image_5.jpg,recyclable,accepted,bf83eedbde0a75d76cf9997a34cc5c6f2ec10b35210cf18a16d9b4ef9f691a99,54df167372fa629fc0c9b92458fe7f1b61141a4482489dc194b0375b2411f5fc
1765863617.832348,harsha,Image_4.png,cannot_be_classified,rejected,54df167372fa629fc0c9b92458fe7f1b61141a4482489dc194b0375b2411f5fc,aaf0e7e7a1b635822b7fdf4f89d90ebe971c855b00a187ab7fe5aa505bc83366
1765864789.605936,Shubha,Image_4.png,dry,accepted,be06c1f65050402d8cf0d1bec212977043ede7cddff1558ab579f5496a6cf08d,78ee13205a87894de8b8b52e579fed1f67dc8127956dacbbc3c7283fa18d9e17
1765864906.0740426,shubha,Image_4.png,dry,accepted,78ee13205a87894de8b8b52e579fed1f67dc8127956dacbbc3c7283fa18d9e17,c3c7a1b1b5cef67ef89b16eca822f977982cd0f1e8ff19235605428b92f6e048
1765864907.3501666,shubha,Image_4.png,dry,accepted,c3c7a1b1b5cef67ef89b16eca822f977982cd0f1e8ff19235605428b92f6e048,54d7e346b3ffdb553a9416a6932df9f25f020f0189926d399e89d5d3432b9342
1765864908.202058,shubha,Image_4.png,dry,accepted,54d7e346b3ffdb553a9416a6932df9f25f020f0189926d399e89d5d3432b9342,fc564fbf5b00f22f37306b49eefc29724817a34ccc479ef489beeb9820875dcb
1765864908.7631426,shubha,Image_4.png,dry,accepted,fc564fbf5b00f22f37306b49eefc29724817a34ccc479ef489beeb9820875dcb,f0c8db93eb9a055a059ef94ea0d243e5a7a8994aa30a39ad368bb4501c65b25a
1765864918.941172,shubha,Image_8.jpg,e_waste,accepted,f0c8db93eb9a055a059ef94ea0d243e5a7a8994aa30a39ad368bb4501c65b25a,b36d5c074e9bb7fe7815f40b8e5c9c122be72153df1786de909b99c20322743d
1765864920.3418386,shubha,Image_8.jpg,e_waste,accepted,b36d5c074e9bb7fe7815f40b8e5c9c122be72153df1786de909b99c20322743d,4a9075b7bb448164114605615d4d5c938fb63c0958a3c8b149c88227e14a9577
1765864921.259704,shubha,Image_8.jpg,e_waste,accepted,4a9075b7bb448164114605615d4d5c938fb63c0958a3c8b149c88227e14a9577,2129255fbb901e18704a18a40cdd44cac02149cac8f89a2716c8c548e2c1064c
1765864922.3291771,shubha,Image_8.jpg,e_waste,accepted,2129255fbb901e18704a18a40cdd44cac02149cac8f89a2716c8c548e2c1064c,30be57f16b9686d04f51dde62762a92f4adbec9aca19120774f20c03aff12452
1765864932.1575096,shubha,Image_4.png,dry,accepted,30be57f16b9686d04f51dde62762a92f4adbec9aca19120774f20c03aff12452,b196b2813a30c0f9922848445b3bda711054d4c493ca0dd281ed6901b0721718
1765864933.365127,shubha,Image_4.png,dry,accepted,b196b2813a30c0f9922848445b3bda711054d4c493ca0dd281ed6901b0721718,2dacbdbb47c9fc9d19f34dfb86524bd10396da2d84811bc5e345fdb16ccf501f
1765864934.094266,shubha,Image_4.png,dry,accepted,2dacbdbb47c9fc9d19f34dfb86524bd10396da2d84811bc5e345fdb16ccf501f,61e359dc01b6a9dc8433f2e046a232002a4d6bfd42aec86c77650b8bccba5543
1765864944.6935625,shubha,Image_6.jpg,dry,accepted,61e359dc01b6a9dc8433f2e046a232002a4d6bfd42aec86c77650b8bccba5543,b89faab4a93ebd9c95008dcaac1f7d8bb55fb9df440dfd31f8aab5542ab1f579
1765864945.8658652,shubha,Image_6.jpg,dry,accepted,b89faab4a93ebd9c95008dcaac1f7d8bb55fb9df440dfd31f8aab5542ab1f579,e108226245dd4f97bac6f3a15def8eda913cfe31492e9945b8d5e446fc308719
1765864946.7073002,shubha,Image_6.jpg,dry,accepted,e108226245dd4f97bac6f3a15def8eda913cfe31492e9945b8d5e446fc308719,887743670786c96e8ec001c09ecf42464931f55a85982fdbecd29311bfdb6823
1765864946.9561872,shubha,Image_6.jpg,dry,accepted,887743670786c96e8ec001c09ecf42464931f55a85982fdbecd29311bfdb6823,ab7fabf5479a8bf63e5c2add6781a2f9fb6157cd0e818d90d18b803a45ad1280
1765864947.197224,shubha,Image_6.jpg,dry,accepted,ab7fabf5479a8bf63e5c2add6781a2f9fb6157cd0e818d90d18b803a45ad1280,867cb9af7d52aaf07a19d8f1c10cd255e1d2bd41323cd64d1fc8e4aad455e795
1765864947.4597335,shubha,Image_6.jpg,dry,accepted,867cb9af7d52aaf07a19d8f1c10cd255e1d2bd41323cd64d1fc8e4aad455e795,fa04e43503b5275956f095539168348adf55d1374ee69e1b40f9ad223fe6c30a
1765864947.6589782,shubha,Image_6.jpg,dry,accepted,fa04e43503b5275956f095539168348adf55d1374ee69e1b40f9ad223fe6c30a,41864c03baad546a1d22a52c1026138d4d19ae29c4157c7242c8f9dd17c15e0d
1765864947.911142,shubha,Image_6.jpg,dry,accepted,41864c03baad546a1d22a52c1026138d4d19ae29c4157c7242c8f9dd17c15e0d,234be2f261735c1cdcea636bff355ba6321dec29236631c908aebbc534162566
1765864948.1237395,shubha,Image_6.jpg,dry,accepted,234be2f261735c1cdcea636bff355ba6321dec29236631c908aebbc534162566,d683d746697345707ebc98792fb7e0c0315f68deb17eb6af40577d15f9f31ad6
1765867054.3502946,shubha,Image_4.png,dry,accepted,6b3e16b84ade1b4d7ea53751393af44f2fa1fce2ae46cba4900484a929f85bb6,1ee223d9dc70743064c9d4fde5b9102598b5f6207109940ef1202bede54fd9a4
1765867314.0914862,shubha,Image_2.jpg,cannot_be_classified,rejected,1ee223d9dc70743064c9d4fde5b9102598b5f6207109940ef1202bede54fd9a4,dc9a1de5246e0e64a9e0f539bb5a1d3dc2f69fb73114d51158c0af4211074261
